timeStamp,label,responseCode,responseMessage,grpThreads,allThreads
1608045347825,GET / HTTP/1.0,200,OK,1,1
1608045347835,GET / HTTP/1.0,200,OK,1,1
1608045347845,GET / HTTP/1.0,200,OK,1,1
1608045347855,GET / HTTP/1.0,200,OK,1,1
1608045347865,GET / HTTP/1.0,200,OK,1,1
1608045347875,GET / HTTP/1.0,200,OK,1,1
1608045347885,GET / HTTP/1.0,200,OK,1,1
1608045347895,GET / HTTP/1.0,200,OK,1,1
1608045347905,GET / HTTP/1.0,200,OK,1,1
1608045347916,GET / HTTP/1.0,200,OK,1,1
1608045347926,GET / HTTP/1.0,200,OK,1,1
1608045347936,GET / HTTP/1.0,200,OK,1,1
1608045347946,GET / HTTP/1.0,200,OK,1,1
1608045347955,GET / HTTP/1.0,200,OK,1,1
1608045347965,GET / HTTP/1.0,200,OK,1,1
1608045347975,GET / HTTP/1.0,200,OK,1,1
1608045347985,GET / HTTP/1.0,200,OK,1,1
1608045347995,GET / HTTP/1.0,200,OK,1,1
1608045348005,GET / HTTP/1.0,200,OK,1,1
1608045348015,GET / HTTP/1.0,200,OK,1,1
1608045348025,GET / HTTP/1.0,200,OK,1,1
1608045348035,GET / HTTP/1.0,200,OK,1,1
1608045348045,GET / HTTP/1.0,200,OK,1,1
1608045348055,GET / HTTP/1.0,200,OK,1,1
1608045348065,GET / HTTP/1.0,200,OK,1,1
1608045348075,GET / HTTP/1.0,200,OK,1,1
1608045348086,GET / HTTP/1.0,200,OK,1,1
1608045348095,GET / HTTP/1.0,200,OK,1,1
1608045348105,GET / HTTP/1.0,200,OK,1,1
1608045348115,GET / HTTP/1.0,200,OK,1,1
1608045348125,GET / HTTP/1.0,200,OK,1,1
1608045348135,GET / HTTP/1.0,200,OK,1,1
1608045348145,GET / HTTP/1.0,200,OK,1,1
1608045348155,GET / HTTP/1.0,200,OK,1,1
1608045348165,GET / HTTP/1.0,200,OK,1,1
1608045348175,GET / HTTP/1.0,200,OK,1,1
1608045348185,GET / HTTP/1.0,200,OK,1,1
1608045348195,GET / HTTP/1.0,200,OK,1,1
1608045348205,GET / HTTP/1.0,200,OK,1,1
1608045348215,GET / HTTP/1.0,200,OK,1,1
1608045348225,GET / HTTP/1.0,200,OK,1,1
1608045348235,GET / HTTP/1.0,200,OK,1,1
1608045348245,GET / HTTP/1.0,200,OK,1,1
1608045348255,GET / HTTP/1.0,200,OK,1,1
1608045348265,GET / HTTP/1.0,200,OK,1,1
1608045348275,GET / HTTP/1.0,200,OK,1,1
1608045348285,GET / HTTP/1.0,200,OK,1,1
1608045348295,GET / HTTP/1.0,200,OK,1,1
1608045348305,GET / HTTP/1.0,200,OK,1,1
1608045348315,GET / HTTP/1.0,200,OK,1,1
1608045348325,GET / HTTP/1.0,200,OK,1,1
1608045348335,GET / HTTP/1.0,200,OK,1,1
1608045348345,GET / HTTP/1.0,200,OK,1,1
1608045348355,GET / HTTP/1.0,200,OK,1,1
1608045348366,GET / HTTP/1.0,200,OK,1,1
1608045348376,GET / HTTP/1.0,200,OK,1,1
1608045348386,GET / HTTP/1.0,200,OK,1,1
1608045348396,GET / HTTP/1.0,200,OK,1,1
1608045348405,GET / HTTP/1.0,200,OK,1,1
1608045348415,GET / HTTP/1.0,200,OK,1,1
1608045348425,GET / HTTP/1.0,200,OK,1,1
1608045348435,GET / HTTP/1.0,200,OK,1,1
1608045348445,GET / HTTP/1.0,200,OK,1,1
1608045348455,GET / HTTP/1.0,200,OK,1,1
1608045348465,GET / HTTP/1.0,200,OK,1,1
1608045348475,GET / HTTP/1.0,200,OK,1,1
1608045348485,GET / HTTP/1.0,200,OK,1,1
1608045348495,GET / HTTP/1.0,200,OK,1,1
1608045348505,GET / HTTP/1.0,200,OK,1,1
1608045348516,GET / HTTP/1.0,200,OK,1,1
1608045348526,GET / HTTP/1.0,200,OK,1,1
1608045348535,GET / HTTP/1.0,200,OK,1,1
1608045348545,GET / HTTP/1.0,200,OK,1,1
1608045348555,GET / HTTP/1.0,200,OK,1,1
1608045348565,GET / HTTP/1.0,200,OK,1,1
1608045348575,GET / HTTP/1.0,200,OK,1,1
1608045348585,GET / HTTP/1.0,200,OK,1,1
1608045348595,GET / HTTP/1.0,200,OK,1,1
1608045348605,GET / HTTP/1.0,200,OK,1,1
1608045348615,GET / HTTP/1.0,200,OK,1,1
1608045348625,GET / HTTP/1.0,200,OK,1,1
1608045348635,GET / HTTP/1.0,200,OK,1,1
1608045348645,GET / HTTP/1.0,200,OK,1,1
1608045348655,GET / HTTP/1.0,200,OK,1,1
1608045348665,GET / HTTP/1.0,200,OK,1,1
1608045348676,GET / HTTP/1.0,200,OK,1,1
1608045348686,GET / HTTP/1.0,200,OK,1,1
1608045348695,GET / HTTP/1.0,200,OK,1,1
1608045348705,GET / HTTP/1.0,200,OK,1,1
1608045348715,GET / HTTP/1.0,200,OK,1,1
1608045348725,GET / HTTP/1.0,200,OK,1,1
1608045348735,GET / HTTP/1.0,200,OK,1,1
1608045348745,GET / HTTP/1.0,200,OK,1,1
1608045348755,GET / HTTP/1.0,200,OK,1,1
1608045348765,GET / HTTP/1.0,200,OK,1,1
1608045348775,GET / HTTP/1.0,200,OK,1,1
1608045348785,GET / HTTP/1.0,200,OK,1,1
1608045348795,GET / HTTP/1.0,200,OK,1,1
1608045348805,GET / HTTP/1.0,200,OK,1,1
1608045348815,GET / HTTP/1.0,200,OK,1,1
